Actual,Predicted
77.1,5.793914
91.3,5.734147
80.4,6.2923217
75.3,7.840359
54.4,5.957523
71.5,5.5020456
89.8,6.7205944
90.6,6.2950788
