{
    "Actual":{
        "0":77.1,
        "1":91.3,
        "2":80.4,
        "3":75.3,
        "4":54.4,
        "5":71.5,
        "6":89.8,
        "7":90.6
    },
    "Predicted":{
        "0":5.7939138412,
        "1":5.7341470718,
        "2":6.292321682,
        "3":7.840359211,
        "4":5.9575228691,
        "5":5.5020456314,
        "6":6.7205944061,
        "7":6.2950787544
    }
}