Actual,Predicted
77.1,12.6184845
91.3,12.432622
80.4,13.6976185
75.3,17.5408
54.4,12.848956
71.5,12.039518
89.8,15.000268
90.6,14.040286
