{
    "Actual":{
        "0":77.1,
        "1":91.3,
        "2":80.4,
        "3":75.3,
        "4":54.4,
        "5":71.5,
        "6":89.8,
        "7":90.6
    },
    "Predicted":{
        "0":12.6184844971,
        "1":12.4326219559,
        "2":13.6976184845,
        "3":17.5408000946,
        "4":12.8489561081,
        "5":12.0395183563,
        "6":15.0002679825,
        "7":14.0402860641
    }
}