{
    "Actual":{
        "0":77.1,
        "1":91.3,
        "2":80.4,
        "3":75.3,
        "4":54.4,
        "5":71.5,
        "6":89.8,
        "7":90.6
    },
    "Predicted":{
        "0":8.6342983246,
        "1":8.5151500702,
        "2":9.3318185806,
        "3":11.8136510849,
        "4":8.7840280533,
        "5":8.2610902786,
        "6":10.1158704758,
        "7":9.537156105
    }
}