Actual,Predicted
77.1,8.634298
91.3,8.51515
80.4,9.331819
75.3,11.813651
54.4,8.784028
71.5,8.26109
89.8,10.11587
90.6,9.537156
