Actual,Predicted
77.1,5.9467516
91.3,5.8589916
80.4,6.4037905
75.3,8.041781
54.4,6.030859
71.5,5.70756
89.8,6.926601
90.6,6.606736
