{
    "Actual":{
        "0":77.1,
        "1":91.3,
        "2":80.4,
        "3":75.3,
        "4":54.4,
        "5":71.5,
        "6":89.8,
        "7":90.6
    },
    "Predicted":{
        "0":5.9467515945,
        "1":5.8589916229,
        "2":6.4037904739,
        "3":8.0417814255,
        "4":6.0308589935,
        "5":5.7075600624,
        "6":6.9266009331,
        "7":6.6067361832
    }
}