{
    "Actual":{
        "0":77.1,
        "1":91.3,
        "2":80.4,
        "3":75.3,
        "4":54.4,
        "5":71.5,
        "6":89.8,
        "7":90.6
    },
    "Predicted":{
        "0":1.9541940689,
        "1":1.9213068485,
        "2":2.1180684566,
        "3":2.7450740337,
        "4":1.9802004099,
        "5":1.8692774773,
        "6":2.3807246685,
        "7":2.2040345669
    }
}