Actual,Predicted
77.1,1.9541941
91.3,1.9213068
80.4,2.1180685
75.3,2.745074
54.4,1.9802004
71.5,1.8692775
89.8,2.3807247
90.6,2.2040346
