Actual,Predicted
77.1,0.8769858
91.3,0.86389834
80.4,0.92242765
75.3,1.1354696
54.4,0.8760234
71.5,0.8563884
89.8,1.0378811
90.6,0.97380745
